index.html	b3b737b42225e7d35fe9c6cb5c490659317f2ce62ec26992c01665bc944e70f9	60111
main.js	ed79aa5c2210faac0884a6e664e0548e05b20d6edbf16bde276cbf3708c527ea	439869
manifest.json	9cafa829e7dd2235e8bc4ed2360cbf6b6f6d1d1b965b5fdbbf415f3c9a886a91	2436
src/app/oracle-panel-dom.js	b6536fd7ecb311b848de10ef6372ce2cc4cfc47baced5235376ece7d632dde32	15907
src/app/oracle-runtime-registry.js	246f50d384cfae67e99d8d33e282c3a3daed89eba5c9297954d89936a19aa104	21064
src/app/oracle-shell.js	8979215189b743232c7be4b566ede7fed0016b90d90a16e25c2788d32672db64	9904
src/core/feature-flags.js	ac3073c1a0d545be45e2163947b3d506f25f15a2cd6a80bf0c7f9adc59c8370a	1203
src/core/oracle-diagnostics.js	8d01be0ca3a1232fa414a0dd68a00d08316649b36e908e81315791c629317c1e	6585
src/curves/oracle-curve-math.js	018155de4eacff56a9dbcc6deb24fbd2ce54bb6eeb7d72c04ba61004d7eaa0b0	19410
src/curves/oracle-curve-presets.js	d4e24bc9401c56cfc4d8ef2cfb3cd5debacc7b4c40db283a9b8ec39a6a9ae8f4	35030
src/curves/oracle-curves-workspace.js	e059d70cb316ff746571af65186137ffa5dfa98b9d4fac9d5b46871f4f17a55f	86350
src/curves/oracle-premiere-curves-adapter.js	b6537cb0c730fc9b6806be46dc3722f4229baee8b461a7011854178238570433	88211
src/data/oracle-data-schema.js	d8b4ee4b423b5bf1fe4efd666670b07e722098e3630b4d304e3242da38dbaf16	13315
src/data/oracle-migrations.js	e02782be181e765a63639ed3af39b5122a3159c266bb8ac6c88d3e38f9b99c95	20418
src/quick-apply/oracle-effect-index.js	88340e3b50f92ad0540a2c06654572b7d0a7036da80014267b3359b1c59c412b	13829
src/quick-apply/oracle-premiere-effects-adapter.js	708cbd5bbfda207cfa7f3cf3526f61e7ed26a1a35e6776a1bfb468591b3797aa	83039
src/quick-apply/oracle-quick-apply-domain.js	48ff5b64484893fbf1348c80f84511bd1e3f4987025181aea9c5344c3213e3ba	63014
src/quick-apply/oracle-quick-apply-workspace.js	e561fdc7c3ad206214bea4f7b94107e2e09162775b76b767376175e9e43f99db	52557
src/replays/oracle-replay-library.js	3ff00f21afeb0e2cc023cd6dd1bbbc5e9888eba7d42c547a78c25cee368bdba6	90833
src/replays/oracle-replay-lifecycle-ui.js	545867ecc8342d949556b70516e713580b27b8f85a68dd14a1b44bbc804c71fc	69985
src/replays/oracle-replay-organization.js	4244a274f0333763f70e3f1420907a4f2990d165ca3aecfdabd7daae16c45a22	74365
src/replays/oracle-replay-viewer.js	0e5139aef6e2f2f4737b1cd0b3d1f65e196d08b056f38d6543d9817a155f2ce1	33369
src/replays/oracle-replay-workspace.js	5e82e57b43ec8d4dc1f7d850a628ae7da4bb691774d4375a3849a4eb854baf67	12387
src/settings/oracle-preferences.js	c654ed42c6cab628de9994a1c84540e67ffe7654ed4c919c9f1bd7eb236a56ac	85884
style.css	ec2195811f7a2d102e11086e7651e33df867cc377e095b4d2c41dc884a0b3a24	19026
styles/overdrive-m1.css	a37b3ee29972d1a849b9b6263786cc36542a2e9833e598f73b758a7f50e9720b	24643
styles/overdrive-m2.css	bf8764a436465b64f7bf9215eaab15e1f8904dbc116ccb03113fc8892a603f64	7484
styles/overdrive-m3.css	57d6859f08a67395da98d6b2aaee61eeb62a82d7845cb3ab67b0079596f4452f	10211
styles/overdrive-m4.css	af5270a9b80c830b3ea3a9d60d404e5cebeb7a9b6b15721bace0780c3b166c51	6045
styles/overdrive-m5.css	0443b5fe033a364644c8eee3f11869b2f2e15eaee662405586e61ad5b610898d	15388
styles/overdrive-m6.css	0c65504633327b4369ac30f52443c86a05a78ae4a911f199e05622cb0d77e10c	17136
styles/overdrive-m7.css	9ddf14100e77077bafbbd632881fbe3c16520777676e4fa3be8914f34380be30	2458
